,loss,accuracy,val_loss,val_accuracy
0,0.16999362409114838,0.9481333494186401,0.04188345745205879,0.9868999719619751
1,0.07253572344779968,0.9776333570480347,0.03500505909323692,0.9879999756813049
2,0.05804500728845596,0.9821500182151794,0.031033184379339218,0.9897000193595886
